{
    "name": "root",
    "gauges": {
        "AgeAgent.Policy.Entropy.mean": {
            "value": 2.8864121437072754,
            "min": 2.8864121437072754,
            "max": 3.1342108249664307,
            "count": 13
        },
        "AgeAgent.Policy.Entropy.sum": {
            "value": 72492.2421875,
            "min": 44176.703125,
            "max": 78285.7109375,
            "count": 13
        },
        "AgeAgent.Environment.EpisodeLength.mean": {
            "value": 1476.3529411764705,
            "min": 206.27941176470588,
            "max": 1476.3529411764705,
            "count": 13
        },
        "AgeAgent.Environment.EpisodeLength.sum": {
            "value": 25098.0,
            "min": 14027.0,
            "max": 26171.0,
            "count": 13
        },
        "AgeAgent.Step.mean": {
            "value": 324489.0,
            "min": 24601.0,
            "max": 324489.0,
            "count": 13
        },
        "AgeAgent.Step.sum": {
            "value": 324489.0,
            "min": 24601.0,
            "max": 324489.0,
            "count": 13
        },
        "AgeAgent.Policy.ExtrinsicValueEstimate.mean": {
            "value": 92.5211410522461,
            "min": 2.9143247604370117,
            "max": 297.7259826660156,
            "count": 13
        },
        "AgeAgent.Policy.ExtrinsicValueEstimate.sum": {
            "value": 3423.2822265625,
            "min": 195.259765625,
            "max": 17863.55859375,
            "count": 13
        },
        "AgeAgent.Environment.CumulativeReward.mean": {
            "value": 702.0880907844095,
            "min": -86.59053517811334,
            "max": 702.0880907844095,
            "count": 13
        },
        "AgeAgent.Environment.CumulativeReward.sum": {
            "value": 11935.497543334961,
            "min": -5801.565856933594,
            "max": 22697.193069458008,
            "count": 13
        },
        "AgeAgent.Policy.ExtrinsicReward.mean": {
            "value": 702.0880907844095,
            "min": -86.59053517811334,
            "max": 702.0880907844095,
            "count": 13
        },
        "AgeAgent.Policy.ExtrinsicReward.sum": {
            "value": 11935.497543334961,
            "min": -5801.565856933594,
            "max": 22697.193069458008,
            "count": 13
        },
        "AgeAgent.Losses.PolicyLoss.mean": {
            "value": 0.10054786961307413,
            "min": 0.095100674368291,
            "max": 0.10170608620289422,
            "count": 13
        },
        "AgeAgent.Losses.PolicyLoss.sum": {
            "value": 0.20109573922614826,
            "min": 0.10065276562797686,
            "max": 0.20341217240578843,
            "count": 13
        },
        "AgeAgent.Losses.ValueLoss.mean": {
            "value": 2418.757547658247,
            "min": 2418.757547658247,
            "max": 29835.28709552305,
            "count": 13
        },
        "AgeAgent.Losses.ValueLoss.sum": {
            "value": 4837.515095316494,
            "min": 4837.515095316494,
            "max": 29835.28709552305,
            "count": 13
        },
        "AgeAgent.Policy.LearningRate.mean": {
            "value": 0.0002981215056261649,
            "min": 0.0002981215056261649,
            "max": 0.00029986203004599,
            "count": 13
        },
        "AgeAgent.Policy.LearningRate.sum": {
            "value": 0.0005962430112523298,
            "min": 0.00029986203004599,
            "max": 0.000599507058164314,
            "count": 13
        },
        "AgeAgent.Policy.Epsilon.mean": {
            "value": 0.199373835,
            "min": 0.199373835,
            "max": 0.19995401000000002,
            "count": 13
        },
        "AgeAgent.Policy.Epsilon.sum": {
            "value": 0.39874767,
            "min": 0.19995401000000002,
            "max": 0.39983568599999997,
            "count": 13
        },
        "AgeAgent.Policy.Beta.mean": {
            "value": 0.0009938009665,
            "min": 0.0009938009665,
            "max": 0.000999544699,
            "count": 13
        },
        "AgeAgent.Policy.Beta.sum": {
            "value": 0.001987601933,
            "min": 0.000999544699,
            "max": 0.0019983732914,
            "count": 13
        },
        "AgeAgent.IsTraining.mean": {
            "value": 1.0,
            "min": 1.0,
            "max": 1.0,
            "count": 13
        },
        "AgeAgent.IsTraining.sum": {
            "value": 1.0,
            "min": 1.0,
            "max": 1.0,
            "count": 13
        }
    },
    "metadata": {
        "timer_format_version": "0.1.0",
        "start_time_seconds": "1661936649",
        "python_version": "3.8.10 (tags/v3.8.10:3d8993a, May  3 2021, 11:48:03) [MSC v.1928 64 bit (AMD64)]",
        "command_line_arguments": "E:\\Proiecte gen\\unity\\Age-of-war-unity-clone-\\venv\\Scripts\\mlagents-learn config\\config1.yaml --run-id new34 --resume",
        "mlagents_version": "0.29.0",
        "mlagents_envs_version": "0.29.0",
        "communication_protocol_version": "1.5.0",
        "pytorch_version": "1.12.1+cu116",
        "numpy_version": "1.21.2",
        "end_time_seconds": "1661944403"
    },
    "total": 7754.8009777,
    "count": 1,
    "self": 10.005050899999333,
    "children": {
        "run_training.setup": {
            "total": 0.0861113,
            "count": 1,
            "self": 0.0861113
        },
        "TrainerController.start_learning": {
            "total": 7744.7098155,
            "count": 1,
            "self": 5.656966699973964,
            "children": {
                "TrainerController._reset_env": {
                    "total": 3.2126444999999997,
                    "count": 1,
                    "self": 3.2126444999999997
                },
                "TrainerController.advance": {
                    "total": 7735.669935300026,
                    "count": 335232,
                    "self": 5.294315200529127,
                    "children": {
                        "env_step": {
                            "total": 6709.0752719998,
                            "count": 335232,
                            "self": 5793.331597999739,
                            "children": {
                                "SubprocessEnvManager._take_step": {
                                    "total": 912.0833383001218,
                                    "count": 335232,
                                    "self": 13.759285999966096,
                                    "children": {
                                        "TorchPolicy.evaluate": {
                                            "total": 898.3240523001557,
                                            "count": 334555,
                                            "self": 408.6874080005684,
                                            "children": {
                                                "TorchPolicy.sample_actions": {
                                                    "total": 489.6366442995873,
                                                    "count": 334555,
                                                    "self": 489.6366442995873
                                                }
                                            }
                                        }
                                    }
                                },
                                "workers": {
                                    "total": 3.66033569993984,
                                    "count": 335231,
                                    "self": 0.0,
                                    "children": {
                                        "worker_root": {
                                            "total": 7734.890854399788,
                                            "count": 335231,
                                            "is_parallel": true,
                                            "self": 2195.246485400072,