{"count":1,"self":2239.550464,"total":3293.8218994,"children":{"InitializeActuators":{"count":3,"self":0.00099669999999999989,"total":0.00099669999999999989,"children":null},"InitializeSensors":{"count":3,"self":0.0010835,"total":0.0010835,"children":null},"AgentSendState":{"count":183360,"self":1.344184,"total":4.4566722,"children":{"CollectObservations":{"count":183084,"self":0.24252559999999998,"total":0.24252559999999998,"children":null},"WriteActionMask":{"count":183084,"self":0.16855209999999998,"total":0.16855209999999998,"children":null},"RequestDecision":{"count":183084,"self":0.7398365,"total":2.7014104999999997,"children":{"AgentInfo.ToProto":{"count":181502,"self":0.55950559999999994,"total":1.961574,"children":{"GenerateSensorData":{"count":181502,"self":1.4020683999999999,"total":1.4020683999999999,"children":null}}}}}}},"DecideAction":{"count":183360,"self":1048.5966848,"total":1048.5966882,"children":null},"AgentAct":{"count":183360,"self":1.2130041,"total":1.2130041,"children":null},"AgentInfo.ToProto":{"count":134,"self":0.0009968,"total":0.0029852999999999998,"children":{"GenerateSensorData":{"count":134,"self":0.0019885,"total":0.0019885,"children":null}}}},"gauges":{"AgeAgent.CumulativeReward":{"count":135,"max":6887.269,"min":-948.1149,"runningAverage":862.67926,"value":-547.994751,"weightedAverage":777.0486}},"metadata":{"timer_format_version":"0.1.0","start_time_seconds":"1662643277","unity_version":"2021.3.7f1","command_line_arguments":"Z:\\programe\\unity editor\\2021.3.7f1\\Editor\\Unity.exe -projectpath Z:\\projects\\unity\\Age of war clone -useHub -hubIPC -cloudEnvironment production -licensingIpc LicenseClient-fldNRo1JLuUWiVsG4PTf0 -hubSessionId 93c74fe0-2e8e-11ed-97c4-b5839c7abc32 -accessToken pqL_7tIKcdJTLfs4QXlzkwImMrfPMOuyOFhOs3YdhhU007f","communication_protocol_version":"1.5.0","com.unity.ml-agents_version":"2.0.1","scene_name":"SampleScene","end_time_seconds":"1662646571"}}