{"count":1,"self":25180.318924799998,"total":37665.509271999996,"children":{"InitializeActuators":{"count":2,"self":0.0009998,"total":0.0009998,"children":null},"InitializeSensors":{"count":2,"self":0.0010046999999999999,"total":0.0010046999999999999,"children":null},"AgentSendState":{"count":2305618,"self":15.4464288,"total":56.1532413,"children":{"CollectObservations":{"count":2300280,"self":3.4483156,"total":3.4483156,"children":null},"WriteActionMask":{"count":2300280,"self":2.023446,"total":2.0234460999999997,"children":null},"RequestDecision":{"count":2300280,"self":9.2423328,"total":35.2350512,"children":{"AgentInfo.ToProto":{"count":2300280,"self":7.6824911999999994,"total":25.992718099999998,"children":{"GenerateSensorData":{"count":2300280,"self":18.3102272,"total":18.3102268,"children":null}}}}}}},"DecideAction":{"count":2305618,"self":12403.159039999999,"total":12403.1587153,"children":null},"AgentAct":{"count":2305618,"self":25.846951999999998,"total":25.8469516,"children":null},"AgentInfo.ToProto":{"count":2610,"self":0.0139823,"total":0.0290916,"children":{"GenerateSensorData":{"count":2610,"self":0.015109299999999999,"total":0.015109299999999999,"children":null}}}},"gauges":{"AgeAgent.CumulativeReward":{"count":2610,"max":1486.01929,"min":-499.8,"runningAverage":19.935833,"value":-275.200073,"weightedAverage":452.196655}},"metadata":{"timer_format_version":"0.1.0","start_time_seconds":"1662482222","unity_version":"2021.3.7f1","command_line_arguments":"Z:\\programe\\unity editor\\2021.3.7f1\\Editor\\Unity.exe -projectpath Z:\\projects\\unity\\Age of war clone -useHub -hubIPC -cloudEnvironment production -licensingIpc LicenseClient-osT7vrDcsVmQxhNep9hHs -hubSessionId 1d182650-2a22-11ed-85f8-89eaddb462f1 -accessToken Al_Hp8NvR_P84seABqJBTPOvD_Biv3mvF-lZ81fiF54007f","communication_protocol_version":"1.5.0","com.unity.ml-agents_version":"2.0.1","scene_name":"scene1","end_time_seconds":"1662519887"}}