{
    "name": "root",
    "gauges": {
        "AgeAgent.Policy.Entropy.mean": {
            "value": 0.9177051782608032,
            "min": 0.9177051782608032,
            "max": 0.9177051782608032,
            "count": 1
        },
        "AgeAgent.Policy.Entropy.sum": {
            "value": 40379.9453125,
            "min": 40379.9453125,
            "max": 40379.9453125,
            "count": 1
        },
        "AgeAgent.Step.mean": {
            "value": 5999669.0,
            "min": 5999669.0,
            "max": 5999669.0,
            "count": 1
        },
        "AgeAgent.Step.sum": {
            "value": 5999669.0,
            "min": 5999669.0,
            "max": 5999669.0,
            "count": 1
        },
        "AgeAgent.Policy.ExtrinsicValueEstimate.mean": {
            "value": 669.3574829101562,
            "min": 669.3574829101562,
            "max": 669.3574829101562,
            "count": 1
        },
        "AgeAgent.Policy.ExtrinsicValueEstimate.sum": {
            "value": 34806.58984375,
            "min": 34806.58984375,
            "max": 34806.58984375,
            "count": 1
        },
        "AgeAgent.Environment.EpisodeLength.mean": {
            "value": 1628.6666666666667,
            "min": 1628.6666666666667,
            "max": 1628.6666666666667,
            "count": 1
        },
        "AgeAgent.Environment.EpisodeLength.sum": {
            "value": 43974.0,
            "min": 43974.0,
            "max": 43974.0,
            "count": 1
        },
        "AgeAgent.Environment.CumulativeReward.mean": {
            "value": 11095.335233248197,
            "min": 11095.335233248197,
            "max": 11095.335233248197,
            "count": 1
        },
        "AgeAgent.Environment.CumulativeReward.sum": {
            "value": 288478.7160644531,
            "min": 288478.7160644531,
            "max": 288478.7160644531,
            "count": 1
        },
        "AgeAgent.Policy.ExtrinsicReward.mean": {
            "value": 11095.335233248197,
            "min": 11095.335233248197,
            "max": 11095.335233248197,
            "count": 1
        },
        "AgeAgent.Policy.ExtrinsicReward.sum": {
            "value": 288478.7160644531,
            "min": 288478.7160644531,
            "max": 288478.7160644531,
            "count": 1
        },
        "AgeAgent.Losses.PolicyLoss.mean": {
            "value": 0.07153947761541646,
            "min": 0.07153947761541646,
            "max": 0.07153947761541646,
            "count": 1
        },
        "AgeAgent.Losses.PolicyLoss.sum": {
            "value": 0.21461843284624937,
            "min": 0.21461843284624937,
            "max": 0.21461843284624937,
            "count": 1
        },
        "AgeAgent.Losses.ValueLoss.mean": {
            "value": 260555.28127318775,
            "min": 260555.28127318775,
            "max": 260555.28127318775,
            "count": 1
        },
        "AgeAgent.Losses.ValueLoss.sum": {
            "value": 781665.8438195633,
            "min": 781665.8438195633,
            "max": 781665.8438195633,
            "count": 1
        },
        "AgeAgent.Policy.LearningRate.mean": {
            "value": 0.0001,
            "min": 0.0001,
            "max": 0.0001,
            "count": 1
        },
        "AgeAgent.Policy.LearningRate.sum": {
            "value": 0.00030000000000000003,
            "min": 0.00030000000000000003,
            "max": 0.00030000000000000003,
            "count": 1
        },
        "AgeAgent.Policy.Epsilon.mean": {
            "value": 0.19999999999999998,
            "min": 0.19999999999999998,
            "max": 0.19999999999999998,
            "count": 1
        },
        "AgeAgent.Policy.Epsilon.sum": {
            "value": 0.6,
            "min": 0.6,
            "max": 0.6,
            "count": 1
        },
        "AgeAgent.Policy.Beta.mean": {
            "value": 0.0020000000000000005,
            "min": 0.0020000000000000005,
            "max": 0.0020000000000000005,
            "count": 1
        },
        "AgeAgent.Policy.Beta.sum": {
            "value": 0.006000000000000002,
            "min": 0.006000000000000002,
            "max": 0.006000000000000002,
            "count": 1
        },
        "AgeAgent.IsTraining.mean": {
            "value": 1.0,
            "min": 1.0,
            "max": 1.0,
            "count": 1
        },
        "AgeAgent.IsTraining.sum": {
            "value": 1.0,
            "min": 1.0,
            "max": 1.0,
            "count": 1
        }
    },
    "metadata": {
        "timer_format_version": "0.1.0",
        "start_time_seconds": "1662399402",
        "python_version": "3.7.9 (tags/v3.7.9:13c94747c7, Aug 17 2020, 18:58:18) [MSC v.1900 64 bit (AMD64)]",
        "command_line_arguments": "Z:\\projects\\unity\\Age of war clone\\venv\\Scripts\\mlagents-learn config\\config2.yaml --run-id newS10 --resume",
        "mlagents_version": "0.28.0",
        "mlagents_envs_version": "0.28.0",
        "communication_protocol_version": "1.5.0",
        "pytorch_version": "1.7.1+cu110",
        "numpy_version": "1.21.6",
        "end_time_seconds": "1662400445"
    },
    "total": 1043.5491080999998,
    "count": 1,
    "self": 0.003639799999746174,
    "children": {
        "run_training.setup": {
            "total": 0.04547000000000001,
            "count": 1,
            "self": 0.04547000000000001
        },
        "TrainerController.start_learning": {
            "total": 1043.4999983,
            "count": 1,
            "self": 0.9819635999931506,
            "children": {
                "TrainerController._reset_env": {
                    "total": 4.3976603999999995,
                    "count": 1,
                    "self": 4.3976603999999995
                },
                "TrainerController.advance": {
                    "total": 1038.005648400007,
                    "count": 61813,
                    "self": 0.9144674999870404,
                    "children": {
                        "env_step": {
                            "total": 1018.8382096000018,
                            "count": 61813,
                            "self": 818.1332905000228,
                            "children": {
                                "SubprocessEnvManager._take_step": {
                                    "total": 200.07910699998556,
                                    "count": 61813,
                                    "self": 2.682277099987175,
                                    "children": {
                                        "TorchPolicy.evaluate": {
                                            "total": 197.39682989999838,
                                            "count": 61776,
                                            "self": 97.27174729999234,
                                            "children": {
                                                "TorchPolicy.sample_actions": {
                                                    "total": 100.12508260000604,
                                                    "count": 61776,
                                                    "self": 100.12508260000604
                                                }
                                            }
                                        }
                                    }
                                },
                                "workers": {
                                    "total": 0.6258120999934818,
                                    "count": 61812,
                                    "self": 0.0,
                                    "children": {
                                        "worker_root": {
                                            "total": 1038.6891629000108,
                                            "count": 61812,
                                            "is_parallel": true,
                                            "self": 261.9249248999964,