{
    "name": "root",
    "gauges": {
        "AgeAgent.Policy.Entropy.mean": {
            "value": 0.971099317073822,
            "min": 0.9243241548538208,
            "max": 0.9919465780258179,
            "count": 4
        },
        "AgeAgent.Policy.Entropy.sum": {
            "value": 49047.3125,
            "min": 37587.78125,
            "max": 49047.3125,
            "count": 4
        },
        "AgeAgent.Environment.EpisodeLength.mean": {
            "value": 1124.159090909091,
            "min": 817.7826086956521,
            "max": 1124.159090909091,
            "count": 4
        },
        "AgeAgent.Environment.EpisodeLength.sum": {
            "value": 49463.0,
            "min": 37618.0,
            "max": 50309.0,
            "count": 4
        },
        "AgeAgent.Step.mean": {
            "value": 5749885.0,
            "min": 5599842.0,
            "max": 5749885.0,
            "count": 4
        },
        "AgeAgent.Step.sum": {
            "value": 5749885.0,
            "min": 5599842.0,
            "max": 5749885.0,
            "count": 4
        },
        "AgeAgent.Policy.ExtrinsicValueEstimate.mean": {
            "value": -23.854787826538086,
            "min": -191.18740844726562,
            "max": -23.854787826538086,
            "count": 4
        },
        "AgeAgent.Policy.ExtrinsicValueEstimate.sum": {
            "value": -1645.9803466796875,
            "min": -14530.2431640625,
            "max": -1574.5615234375,
            "count": 4
        },
        "AgeAgent.Environment.CumulativeReward.mean": {
            "value": 3309.234130859375,
            "min": 556.2584228515625,
            "max": 3309.234130859375,
            "count": 4
        },
        "AgeAgent.Environment.CumulativeReward.sum": {
            "value": 148915.53588867188,
            "min": 25587.887451171875,
            "max": 148915.53588867188,
            "count": 4
        },
        "AgeAgent.Policy.ExtrinsicReward.mean": {
            "value": 3309.234130859375,
            "min": 556.2584228515625,
            "max": 3309.234130859375,
            "count": 4
        },
        "AgeAgent.Policy.ExtrinsicReward.sum": {
            "value": 148915.53588867188,
            "min": 25587.887451171875,
            "max": 148915.53588867188,
            "count": 4
        },
        "AgeAgent.Losses.PolicyLoss.mean": {
            "value": 0.07194246864593307,
            "min": 0.07194246864593307,
            "max": 0.10139061032024031,
            "count": 4
        },
        "AgeAgent.Losses.PolicyLoss.sum": {
            "value": 0.28776987458373227,
            "min": 0.28776987458373227,
            "max": 0.3041718309607209,
            "count": 4
        },
        "AgeAgent.Losses.ValueLoss.mean": {
            "value": 158997.74666733597,
            "min": 158997.74666733597,
            "max": 266043.3112461685,
            "count": 4
        },
        "AgeAgent.Losses.ValueLoss.sum": {
            "value": 635990.9866693439,
            "min": 635990.9866693439,
            "max": 1004048.221667053,
            "count": 4
        },
        "AgeAgent.Policy.LearningRate.mean": {
            "value": 0.00010000000000000002,
            "min": 0.0001,
            "max": 0.00010000000000000002,
            "count": 4
        },
        "AgeAgent.Policy.LearningRate.sum": {
            "value": 0.0004000000000000001,
            "min": 0.00030000000000000003,
            "max": 0.0004000000000000001,
            "count": 4
        },
        "AgeAgent.Policy.Epsilon.mean": {
            "value": 0.19999999999999996,
            "min": 0.19999999999999996,
            "max": 0.19999999999999998,
            "count": 4
        },
        "AgeAgent.Policy.Epsilon.sum": {
            "value": 0.7999999999999998,
            "min": 0.6,
            "max": 0.7999999999999999,
            "count": 4
        },
        "AgeAgent.Policy.Beta.mean": {
            "value": 0.0020000000000000005,
            "min": 0.0020000000000000005,
            "max": 0.0020000000000000005,
            "count": 4
        },
        "AgeAgent.Policy.Beta.sum": {
            "value": 0.008000000000000002,
            "min": 0.006000000000000002,
            "max": 0.008000000000000002,
            "count": 4
        },
        "AgeAgent.IsTraining.mean": {
            "value": 1.0,
            "min": 1.0,
            "max": 1.0,
            "count": 4
        },
        "AgeAgent.IsTraining.sum": {
            "value": 1.0,
            "min": 1.0,
            "max": 1.0,
            "count": 4
        }
    },
    "metadata": {
        "timer_format_version": "0.1.0",
        "start_time_seconds": "1662386326",
        "python_version": "3.7.9 (tags/v3.7.9:13c94747c7, Aug 17 2020, 18:58:18) [MSC v.1900 64 bit (AMD64)]",
        "command_line_arguments": "Z:\\projects\\unity\\Age of war clone\\venv\\Scripts\\mlagents-learn config\\config2.yaml --run-id newS10 --resume",
        "mlagents_version": "0.28.0",
        "mlagents_envs_version": "0.28.0",
        "communication_protocol_version": "1.5.0",
        "pytorch_version": "1.7.1+cu110",
        "numpy_version": "1.21.6",
        "end_time_seconds": "1662389886"
    },
    "total": 3559.9497634,
    "count": 1,
    "self": 0.0036144000000604137,
    "children": {
        "run_training.setup": {
            "total": 0.04586329999999994,
            "count": 1,
            "self": 0.04586329999999994
        },
        "TrainerController.start_learning": {
            "total": 3559.9002857,
            "count": 1,
            "self": 3.1754625999333257,
            "children": {
                "TrainerController._reset_env": {
                    "total": 2.5453515,
                    "count": 1,
                    "self": 2.5453515
                },
                "TrainerController.advance": {
                    "total": 3554.0693187000666,
                    "count": 192297,
                    "self": 2.904931999948076,
                    "children": {
                        "env_step": {
                            "total": 3156.9097419000063,
                            "count": 192297,
                            "self": 2549.2628408000214,
                            "children": {
                                "SubprocessEnvManager._take_step": {
                                    "total": 605.6470790000137,
                                    "count": 192297,
                                    "self": 8.44213910004521,
                                    "children": {
                                        "TorchPolicy.evaluate": {
                                            "total": 597.2049398999685,
                                            "count": 192099,
                                            "self": 294.50295190002277,
                                            "children": {
                                                "TorchPolicy.sample_actions": {
                                                    "total": 302.70198799994574,
                                                    "count": 192099,
                                                    "self": 302.70198799994574
                                                }
                                            }
                                        }
                                    }
                                },
                                "workers": {
                                    "total": 1.999822099971293,
                                    "count": 192296,
                                    "self": 0.0,
                                    "children": {
                                        "worker_root": {
                                            "total": 3554.410359600044,
                                            "count": 192296,
                                            "is_parallel": true,
                                            "self": 1135.90600670007,